country,year,region,is_resource_rich,is_high_institution,is_thailand_peer,gdp_growth,manufacturing_share,services_share,agriculture_share,structural_change_velocity,human_capital_index,institutional_quality,infrastructure_index,investment_rate,trade_openness,government_expenditure,employment_manufacturing_share,employment_services_share,iv_trade_policy,iv_geography,gdp_per_capita_lag,regime,regime_label
Vietnam,1980,East Asia,0,0,1,2.683687498929536,33.59093197159218,25.0,41.40906802840783,3.3426951508749525,0.2647936480154238,0.6068825189673587,43.699482957776866,30.06095245087488,60.15140306070202,16.590454370874152,20.869944639592536,25.49194013018302,-1.8734413039546167,0.6458904202758925,49950.47762422256,0,Low-Growth
Vietnam,1981,East Asia,0,0,1,8.872658468885643,40.15299014280087,45.98386576589663,13.863144091302502,3.5047541902819934,0.27889062549069926,0.8068672051336588,48.69983726039766,29.447919242445376,60.081864075929296,12.19978865578404,25.729521019253916,42.0953601099265,-2.3140440660001054,1.6734418856229851,50745.873368188775,1,High-Growth
Vietnam,1982,East Asia,0,0,1,6.196680581408426,44.95652128284205,71.77798693233298,2.0,2.641756710754635,0.5317102692355651,0.0013319336247517757,24.233492276276333,23.943071774814957,70.8400801209337,14.39324068398692,46.44832719764785,46.65464993432881,-1.4947561464496442,0.13659739558875236,50562.69263898613,1,High-Growth
Vietnam,1983,East Asia,0,0,1,4.922957932897566,39.247154513727594,55.29766885120819,5.455176635064213,0.2462728707045352,0.5143870401967512,-0.5347803636359935,79.40728035129894,13.499633839024114,102.63243573645781,18.20932768253645,20.600745927338206,61.115641798911575,0.125901388394959,0.851124098380238,51186.9279592713,1,High-Growth
Vietnam,1984,East Asia,0,0,1,5.456527618143341,42.805707021354,45.009066089455146,12.18522688919085,1.371715637216838,0.10894041393128084,0.5363780604118222,40.221212622824545,33.226477097428244,65.57718369722738,19.43914647509578,38.40793423646444,33.767325930478606,1.6232566905280539,1.9913704184169045,50796.45675527411,1,High-Growth
Vietnam,1985,East Asia,0,0,1,8.622286623425296,28.623091470200155,45.491096984747074,25.885811545052775,0.8698820767357973,0.38090199781353196,0.6453218284421806,55.59584223110121,12.013545797671561,62.96982543629303,23.181169455129126,23.880069568504638,48.807271284486724,-1.217403793496952,0.46795042213185173,50039.85964680161,1,High-Growth
Vietnam,1986,East Asia,0,0,1,1.7684003538105963,27.46351853140604,38.424050175106345,34.11243129348762,0.4283006214223775,0.5735731729497077,-0.3853908464468429,28.415614398456114,29.120542771961283,29.07274665962401,17.647677437372227,24.423507551787942,35.73212126742308,1.0941795475214755,0.4790031433927589,50219.34521015145,0,Low-Growth
Vietnam,1987,East Asia,0,0,1,11.237905629986505,33.82127818702795,56.56710507666685,9.611616736305194,0.49890189186014444,0.5158842289408991,2.990620798320824,49.2731785761743,17.457912847860833,52.9144628003116,24.429095613486233,16.86644124296359,34.23252357191821,-0.5871152706201476,-1.6339229590592872,50462.58432623718,1,High-Growth
Vietnam,1988,East Asia,0,0,1,5.4201259449948305,23.58538738574926,45.83204594058417,30.58256667366657,1.7250869692303406,0.20975398422250813,0.9842788779671809,66.85959305607489,27.632680817253025,80.46200537179216,31.212083547957697,17.188596126266315,42.00212480031237,-0.41643843324802554,0.0019768447558107757,51466.43667781816,1,High-Growth
Vietnam,1989,East Asia,0,0,1,0.8458892819249648,46.01744749203649,57.24043808282508,2.0,0.726263293634156,0.600160300168108,0.40945901099043985,78.30411913501482,20.59607675061418,75.64080284681455,33.85207146295572,42.318557286114824,51.939929147530435,0.7224469852209794,-0.3652808582038849,51918.983852762365,0,Low-Growth
Vietnam,1990,East Asia,0,0,1,5.5407776139016836,28.31448795983971,58.16664229927726,13.518869740883034,3.2343748256554776,0.405396844287886,0.6917416141469072,34.37166047680715,21.47976460058525,61.31890880191736,28.243978857355337,18.28652242605586,41.196356055566696,-0.8954279609250417,-1.33656850031492,51418.328678879494,1,High-Growth
Vietnam,1991,East Asia,0,0,1,9.851923104483335,44.770359565481186,46.60750056696283,8.622139867555987,1.309776704598468,0.43804435714193574,-0.37246918965307857,34.98297665536454,22.11403810885871,48.991652244648904,22.472164344467256,36.65370376506046,40.80926858079729,-0.8711930300076307,0.07215323682176132,51144.11861540808,1,High-Growth
Vietnam,1992,East Asia,0,0,1,2.7728631528114573,36.86434361223587,36.38322259658083,26.7524337911833,0.32428739018399955,0.5305916273149321,-1.3601052219511476,64.64885572874088,12.8371650107264,76.57134232583041,32.0269664723298,23.145227988887687,35.660330872365954,-0.7267419048820193,1.0409541737977894,50167.37079545739,0,Low-Growth
Vietnam,1993,East Asia,0,0,1,5.391983445735253,33.34412328721305,32.62769669823231,34.028180014554636,3.1447009417915073,0.37845294683406194,0.6623571111981931,55.43852957606501,19.084221025609097,53.693897685003215,13.429051970046908,28.078200023666938,36.854620830295666,-0.7780947858327143,1.1718101432738448,51574.04881674389,1,High-Growth
Vietnam,1994,East Asia,0,0,1,1.2770306197940622,37.41568720137412,38.43110972679752,24.153203071828358,5.237206438326005,0.5172211310749748,-0.962639289642215,44.59260733482432,28.719239672726644,35.72040064789534,18.26297279676257,37.084953068567955,31.796410875241992,-0.04592882874016064,-0.016568409822520076,51191.66225575805,0,Low-Growth
Vietnam,1995,East Asia,0,0,1,6.646690241893571,35.509192491972144,40.53865186171814,23.95215564630972,1.4552248138388895,0.5586401286097195,2.2706301129996813,49.744212889634056,13.815762323178376,28.231805708906464,22.347550672338734,31.592425258159906,35.52075102757169,-0.918019061638965,0.0923767916399243,50092.688936332095,1,High-Growth
Vietnam,1996,East Asia,0,0,1,7.165852996275634,24.990406906930577,26.609780678044036,48.399812415025394,4.658875783389719,0.4362360540743123,1.3631374151325863,61.89003502203253,18.70436146446938,60.960317487416134,12.696006859521356,20.654557031536893,22.42610016131996,-1.3204934434050315,0.3374820747263991,50768.34609656104,1,High-Growth
Vietnam,1997,East Asia,0,0,1,3.2921965137669935,47.731202942102435,55.52057023663339,2.0,3.4283117683439572,0.4901832946337477,-2.075019467404104,94.69376073734266,19.511219935953054,31.280005099498656,20.500809446898682,49.32657819170833,49.77654621024957,1.2785751679393744,1.0829999385168685,50386.80940629897,0,Low-Growth
Vietnam,1998,East Asia,0,0,1,5.251830480770961,13.299099489516497,43.206531682020135,43.49436882846337,1.3616624032493436,0.47251692978497134,-0.358584106835045,61.22633433138738,15.58190998309913,22.57140875927965,31.751467600912115,15.606392188859934,31.35455346189375,1.5821167513035672,-0.3994654904728529,51014.593736665855,1,High-Growth
Vietnam,1999,East Asia,0,0,1,4.352192138376761,42.870818748849175,46.51063836691989,10.618542884230934,0.5468971535615172,0.3563115834299292,-1.0723140164629446,43.17929826596854,20.097788387321355,20.083360192890105,16.40663692488875,46.044132645797845,50.22660283969151,-0.03227689410261781,-0.08708472614314992,51914.9372747105,1,High-Growth
Vietnam,2000,East Asia,0,0,1,6.810180611081994,23.591855063036384,49.726478617976916,26.681666318986707,3.1586475451657248,0.46525227132295344,0.349443306165639,63.546400576274564,18.527740806407976,10.0,16.669311577703187,23.447328067422607,40.04421690437176,0.05252636821531626,-0.7559507066919204,51180.220838146386,1,High-Growth
Vietnam,2001,East Asia,0,0,1,4.049829695136556,45.66041174132102,56.14718416238658,2.0,0.29018647214365045,0.6426682464126666,0.6448944033844568,79.83451852516764,6.445952832039378,75.1651635258157,14.58180622244561,33.260615238361964,72.74891062756079,0.3018733807210118,-0.3863224754471755,49922.35281362205,0,Low-Growth
Vietnam,2002,East Asia,0,0,1,7.4565958286529845,26.97248877200397,41.02377241094581,32.00373881705022,4.332823583400585,0.6919859979998639,-0.18940501180831196,76.02438095458231,15.196914457031154,53.49134223913377,18.44002046866882,26.80401804438733,42.87298944621843,0.4939773822056448,-0.36234755754610226,51420.91114719506,1,High-Growth
Vietnam,2003,East Asia,0,0,1,4.147207281422684,31.77369766471249,46.01432380541189,22.211978529875623,3.3204315673294906,0.5564707741764271,-1.4510384534875274,73.45112524945228,20.90764832045242,54.645940722568824,23.51922909572658,31.89394992660313,37.31155970130076,-0.6161434580489434,-1.0401987109554731,51424.407835140235,1,High-Growth
Vietnam,2004,East Asia,0,0,1,9.149427378980905,33.068555482200054,62.60139068278771,4.330053835012237,2.511115706430015,0.6574353557201583,-1.4290998071684722,83.98092103919129,12.566909275921933,21.649495351626047,15.919370539399727,22.580580550473627,54.26038425800131,-1.4409816345249187,0.9588163064676725,51663.843147258216,1,High-Growth
Vietnam,2005,East Asia,0,0,1,2.59933052314779,28.515770961426988,55.283706443793434,16.20052259477957,1.3631070146671687,0.6043163346121498,-0.22211717930546243,93.18193806350229,10.083295899799774,65.19600846837521,24.607980989337303,26.898014702577694,69.03303165186327,-0.5289467627246989,0.9573048225935312,51071.95468232929,0,Low-Growth
Vietnam,2006,East Asia,0,0,1,9.07198169729962,31.896993745100243,60.67286644645955,7.430139808440202,0.51687612196214,0.39609113616491665,-0.6202162598085942,85.485494198828,31.136310012696732,52.778234382412805,25.909182403404152,16.85325560105563,50.57147005158986,-0.28857511715410117,-0.11455942747251965,51192.0471941251,1,High-Growth
Vietnam,2007,East Asia,0,0,1,7.060067136224746,36.112229495625,44.45852531611138,19.42924518826362,0.3517798077822998,0.5989499966377847,-0.17239143587654177,74.92379152495431,20.254075652651608,51.891838515334655,15.406228925356018,38.081896907626735,32.21366516048161,-0.7209701084698963,2.779963624223556,50656.00432250538,1,High-Growth
Vietnam,2008,East Asia,0,0,1,1.7173284307274301,18.383041169809008,42.176713080330735,39.44024574986026,5.791649850152977,0.39225961167698997,-2.3783573828864557,56.11228197063453,27.186876546775885,78.11941799964532,14.924467218128948,17.218337285942376,46.754501780828825,1.7873464144298254,-0.24633528117984818,50049.264141165004,0,Low-Growth
Vietnam,2009,East Asia,0,0,1,1.307596401572897,32.928489627372876,42.74568718789536,24.325823184731767,3.7377891958613385,0.8231642640031372,-0.20600838470974,96.27727314077728,22.861290933048714,51.61264932156429,23.439264942659783,26.818621866090034,51.66550139930218,-1.4384111667945592,-0.5151708990920177,51161.74055152303,0,Low-Growth
Vietnam,2010,East Asia,0,0,1,7.00057245679961,34.80481146211075,27.93324420592551,37.26194433196374,3.1850277929100086,0.7532438149212947,-2.330230391255287,80.942937994938,7.278865354557617,33.38372256244844,12.583146438223201,33.477110218739455,25.629436653198823,-1.2855910007560276,0.8800659629573423,50533.09708803579,1,High-Growth
Vietnam,2011,East Asia,0,0,1,5.604268472240025,32.07458333975584,51.051248976460606,16.87416768378356,1.042898798119058,0.8485453610333941,-0.09870443960574381,86.7967629444501,16.4981014207654,54.54974706556994,20.63691628805107,25.02901719274586,32.133566820591945,0.3314708963308953,0.364561477355457,50934.91326182603,1,High-Growth
Vietnam,2012,East Asia,0,0,1,5.002851135574662,38.931564087155216,42.25102762893948,18.8174082839053,2.274065766294975,0.5327277757367982,1.563108476143478,85.4649291130207,15.595303463994348,62.7422307806164,13.113610875322058,42.831284593348336,46.59950678250038,-0.4665740712027766,-0.6286702470308604,49990.93340065386,1,High-Growth
Vietnam,2013,East Asia,0,0,1,0.2868434086849456,36.081522727899085,41.08519554670369,22.833281725397228,2.690670974830483,0.6218253936303164,0.6064045771768182,92.5175902487338,5.0,46.79341298790423,9.699955338170337,35.37236707837239,41.80919732000288,-0.8980272263244584,-0.7660452024003999,51094.366474750845,0,Low-Growth
Vietnam,2014,East Asia,0,0,1,0.8719687733325167,32.817243629278956,56.64210099081431,10.540655379906738,2.1968184359251053,0.5791315577625102,-1.8078303096469384,70.7356415475862,10.544144031454248,74.89934197116114,13.810428907491646,27.06881564324247,47.7428050154609,-1.269465266012813,-0.1683004231716427,51649.551665931795,0,Low-Growth
Vietnam,2015,East Asia,0,0,1,4.194270704738687,28.20223262817843,39.20419288712591,32.593574484695665,1.0613662460200957,0.5804845764170768,0.04508983120303873,82.27963756817861,21.034944053630547,10.0,8.0,26.036115061705846,41.38305258131419,-0.9104867035315213,-0.24402835217113436,51522.35962645115,1,High-Growth
Vietnam,2016,East Asia,0,0,1,4.6915280966404875,27.911678024172982,41.0090474418015,31.079274534025515,1.4062803944720985,0.95,-0.2736068721716614,67.09533806844016,23.218144617610385,83.02489473851776,18.648084725877005,17.268125964652093,42.80110554688823,0.663545618498435,-1.0260808441956244,51590.71280876717,1,High-Growth
Vietnam,2017,East Asia,0,0,1,10.265998982985522,34.468408197524354,40.703046645848175,24.82854515662747,2.4545476441625254,0.5144759245528672,0.5262951491052065,68.84960058953357,28.523010178076824,43.548862109720964,25.611499413884815,30.962369653926064,29.164423468909977,1.4246277320772434,1.5512452664277294,51866.14324629961,1,High-Growth
Vietnam,2018,East Asia,0,0,1,3.637009405873337,36.16341773924608,36.5554752080228,27.281107052731123,3.3846931449264095,0.7256489707589054,-3.2440176565288286,95.6903371913433,17.214740825461494,48.126836097038804,15.788283805285802,34.76784553113871,39.039535511665655,0.28305316225865373,-0.33931118713815905,51429.331397595415,0,Low-Growth
Vietnam,2019,East Asia,0,0,1,4.845353981646816,39.63142918856988,50.520507886325596,9.848062925104522,3.0808824795533467,0.9003024670432712,-0.8228099011081562,104.10447561763446,12.392372935244227,67.39830252352124,14.900314807439353,23.594545818018837,47.590662039333985,-2.6745671281541408,-1.750975574405228,51386.254058112856,1,High-Growth
Vietnam,2020,East Asia,0,0,1,5.652126261349823,22.364509610259212,35.185297894337936,42.45019249540286,0.7824186544747878,0.8072672655942543,-0.019467741115129486,110.0,23.179176187673875,31.313608651044696,16.316987679530296,11.616724957250874,31.0960327162669,1.1121006192213385,0.6852900847109679,52201.00466295956,1,High-Growth
Thailand,1980,Southeast Asia,0,1,1,11.210041083550108,47.593763411161625,45.749523337894544,6.656713250943831,1.1849309107610286,0.5990608562316768,0.8015263990883851,35.98566210969789,9.439382498101587,44.03118494841414,25.713493406170077,37.53185840806735,42.146261966605664,0.4752586047173115,1.1706616293176602,49672.387643905284,1,High-Growth
Thailand,1981,Southeast Asia,0,1,1,6.459101420730942,26.33310316249471,62.71940203714851,10.947494800356779,2.3883733028236884,0.4061033337835366,-0.8225159516565674,22.962615873543353,30.64345875503053,46.985320288163265,9.959250626071285,18.508596833050643,42.44979237989791,-1.1251861017311617,0.3888189102637133,49938.063336846986,1,High-Growth
Thailand,1982,Southeast Asia,0,1,1,8.07490532676275,25.684757631556202,46.65952438870527,27.65571797973852,1.5456956770874464,0.6834739831665516,1.9020652222946057,40.87183658861472,18.303282640636596,63.55507517272621,15.97273334715716,20.559269840118265,40.071359941570414,-0.4572185393191959,-0.6891117977217902,50783.84505192944,1,High-Growth
Thailand,1983,Southeast Asia,0,1,1,10.433167739537998,14.947477312436517,65.47043661688248,19.582086070681,0.6363170032358577,0.6641099522718388,0.41254160154334674,35.72969870811008,22.509785463175255,12.88488020200868,21.649602998065134,15.981648448684673,57.20825136649157,1.360168130828013,-0.18969349345240752,50999.792265523305,1,High-Growth
Thailand,1984,Southeast Asia,0,1,1,3.4817417540924462,36.963665961943654,46.58449394895585,16.451840089100493,3.944178053287636,0.6252042552458235,-0.2327106564885082,41.47280306336232,23.292525753314255,26.46492077494938,24.725802141686266,35.52633161393881,48.74478000673562,0.008857703668895378,-1.4155240669137066,51088.93613610557,0,Low-Growth
Thailand,1985,Southeast Asia,0,1,1,2.639401287371519,35.81631492779461,75.19289024603012,2.0,0.08249625795840605,0.9138681731904937,1.6095776743336196,30.293161437504732,14.956332366516179,90.92706019981856,13.31913671167337,33.91997937479697,61.36682948955366,-0.4603067625743631,1.030249693969567,50434.98157685532,0,Low-Growth
Thailand,1986,Southeast Asia,0,1,1,6.0872185972114785,37.77917834577298,57.7362776394108,4.4845440148162155,1.3095395512478984,0.5214087251053631,1.595898316488045,42.01395092888487,12.097072718881826,68.0759484894966,18.513079977837595,17.25973256478715,43.91773628077662,-0.5041286736516637,-0.07285768884105508,51594.639397752,1,High-Growth
Thailand,1987,Southeast Asia,0,1,1,4.734270430501134,26.765046434457307,45.77494703055343,27.46000653498927,0.6495164790670835,0.6930851530553422,2.9510767766687254,38.03570256494961,33.111684220798665,72.70056656340478,13.755362731126873,33.241415049007095,43.442675806131135,-0.8351245039722351,1.6529130512304218,51713.888792599224,1,High-Growth
Thailand,1988,Southeast Asia,0,1,1,4.561961450137704,23.621000340370703,58.5767807302124,17.802218929416902,2.555713310061028,0.6995730996295361,1.6220678501661236,62.070176554566416,17.49730821558782,75.77298345917268,16.27162320989233,20.93303895987314,51.721283238657534,-0.05585218265281086,-0.3773865174622099,51372.42701559035,1,High-Growth
Thailand,1989,Southeast Asia,0,1,1,2.4573365259055997,41.96794852676088,61.73417077585198,2.0,4.770227397386073,0.5372111891184395,-0.6743872050744648,26.53963959877117,5.0,46.57526055765144,11.14834908503213,34.07717896815177,40.51192669916858,0.08291185317203993,-0.4149162781203273,51475.9764825943,0,Low-Growth
Thailand,1990,Southeast Asia,0,1,1,10.106410558879485,22.3870897547103,73.82456474312352,3.7883455021661803,3.1060705556796413,0.41946620556545067,1.3994602801331224,75.81057163381678,18.3812887450393,45.41886891976795,9.348537863329145,22.14499390918501,76.99728158371298,0.7890752013999099,-0.6292206728473624,50396.64661581349,1,High-Growth
Thailand,1991,Southeast Asia,0,1,1,2.2930031266289745,16.35674136577199,35.871001937008536,47.77225669721947,0.8473814338213519,0.5646265737223676,0.8544257654136539,50.19666895260392,20.632382417202233,42.79609923722206,19.09807756986889,9.841762818914063,32.85036920163613,0.15060249284463378,-1.5030468593574806,51272.846877185184,0,Low-Growth
Thailand,1992,Southeast Asia,0,1,1,3.3318804357421636,34.31529392428216,61.108121092566435,4.576584983151406,0.06866677713767096,0.5916251495676897,2.6370142902906806,54.5204246671293,15.05307983964696,30.12765882495774,8.0,28.509364723639887,54.23928341080982,1.1361913746425423,0.3590550934803667,51467.11459708634,0,Low-Growth
Thailand,1993,Southeast Asia,0,1,1,5.363814926661001,20.76866896716276,59.33115274150727,19.900178291329965,2.917516785061387,0.6892702949049283,-0.8816255297350919,41.592937710873684,23.52283195102331,36.975786219222606,11.697374227464195,20.129486052892155,52.477252479236,-0.4895706470306716,0.04189592115427648,52143.334570972795,1,High-Growth
Thailand,1994,Southeast Asia,0,1,1,10.027617626735621,28.484370551938913,51.997823270925764,19.517806177135327,4.7921645766608325,0.5601529480305302,0.9233107041570306,18.676619039287,10.740673678276531,10.0,17.770056985815764,27.451903103346268,55.430520816861964,0.41478446207924113,-0.963396341198569,49883.96742074002,1,High-Growth
Thailand,1995,Southeast Asia,0,1,1,-0.895645614385502,17.889122415714603,48.08301802410096,34.02785956018443,2.0283284362539367,0.7208463840502393,1.2212717966406326,48.15818567611539,29.12200442136964,20.494206644990747,20.512227469754208,14.261304173621438,40.86946219289242,0.8852563208659603,0.8790141545570074,50401.754602005785,0,Low-Growth
Thailand,1996,Southeast Asia,0,1,1,5.366416064231288,22.815946015819325,57.02025598745358,20.163797996727098,0.5623840358205509,0.952884186053402,-0.33633496311574507,47.36346015378904,12.73197990790247,65.1026863859761,8.296968659726733,19.83304723287208,45.92940196271183,-0.7341618661210141,-1.4464982035406873,50667.4620268995,1,High-Growth
Thailand,1997,Southeast Asia,0,1,1,8.073468300433095,30.021443342995795,69.9757018635953,2.0,0.5275111696451515,0.602180064190649,2.0607026582193475,42.23555780528562,15.964618533622644,12.002680009525378,23.557544946506354,21.699483783374617,64.88949956109994,-1.0359619286066395,0.43594762971547235,50544.02938093246,1,High-Growth
Thailand,1998,Southeast Asia,0,1,1,6.362467242604128,31.326074497860233,49.735639129796716,18.93828637234305,3.5362620654134367,1.0999999999999999,3.5950307643277633,62.44012237332447,13.974369747272235,47.16019595745088,14.739477421340897,32.9791886588275,46.720437574307326,-0.7841638583598328,-0.470755099124782,51510.594071284955,1,High-Growth
Thailand,1999,Southeast Asia,0,1,1,11.692741962280563,31.05625652043182,46.96850157436836,21.975241905199823,6.483027650658241,0.7465740035712333,1.4978054893870796,54.899731444820304,20.43117877626565,16.84344595127107,21.344451341107114,28.77185962134046,47.07891594084477,0.9465770035733866,0.6040516449216232,50769.985294230544,1,High-Growth
Thailand,2000,Southeast Asia,0,1,1,5.85959518108984,25.861595592852947,61.97861187166076,12.15979253548629,1.2873375060449816,1.021601515935493,4.147762775861606,55.194743739208874,5.0,80.92081165318166,14.757741966077674,16.543745862168908,52.07648792689522,-0.4466430468146064,0.6122698101053926,50220.282110436885,1,High-Growth
Thailand,2001,Southeast Asia,0,1,1,3.7204359668171207,29.983552243306466,57.69849973923215,12.31794801746139,1.574072557866598,0.571260152610064,0.8920381994544969,58.79809128427088,31.8838189541804,10.0,16.6756274582498,15.995155062643693,37.628861212044654,0.9669566453448166,0.5446245744993387,51249.716757973634,0,Low-Growth
Thailand,2002,Southeast Asia,0,1,1,7.482986254178281,21.538899869331775,76.22876740067089,2.2323327299973386,0.4931421085191487,0.8362698169581138,1.507657849155978,28.67612204882377,5.0,35.525394501502376,24.336607510019935,20.626906907487932,79.0577369912886,-0.9870461789363153,1.6158724901223136,50567.55334990681,1,High-Growth
Thailand,2003,Southeast Asia,0,1,1,6.416532561813317,23.60900943748331,66.06310565954729,10.327884902969402,1.410221040331921,0.5315592116432108,1.523994583447703,51.602598985702095,45.0,66.91268691099938,15.543956548688254,13.900457949192,40.824141302918385,-1.025219085737433,0.11494177175913174,51788.664325797385,1,High-Growth
Thailand,2004,Southeast Asia,0,1,1,9.047865103439367,22.41465867438012,53.22574827694585,24.35959304867403,1.037275994969152,0.9997545993645814,1.272971782469904,57.504932126299096,5.0,45.1141288369309,23.018904827789648,13.145199514854394,41.90952571673641,0.7927110177336647,-1.4766572235180533,51628.90050377096,1,High-Growth
Thailand,2005,Southeast Asia,0,1,1,3.9867879438304406,16.00897275899525,54.5365551251346,29.45447211587016,4.91974397005876,0.8672245859190949,0.4628576856713571,77.03430878237214,17.466563632526004,84.36212453568899,22.840058412986178,3.383843577695477,40.869042974719626,0.9443852228353897,0.15165727214501756,50613.12202614608,0,Low-Growth
Thailand,2006,Southeast Asia,0,1,1,1.4566712811313973,24.293013699788833,76.52827671218917,2.0,1.6098667814646512,1.0865625501782634,2.5588765077479763,76.61219015029037,35.79262950196019,59.43158148355566,16.876636070958718,24.451683599528756,85.564432235237,-0.47996464271220896,-0.7215690823400293,51219.42801621544,0,Low-Growth
Thailand,2007,Southeast Asia,0,1,1,9.175883740321497,13.606659198499207,72.93927280475987,13.454067996740932,1.2823298587937009,0.7262402504667131,0.41681476801461637,95.0,21.93656536230374,28.72562298296088,23.183541299774674,12.978401044088109,63.591444636426075,0.8406067127833832,-0.8252919608308644,50928.54086252538,1,High-Growth
Thailand,2008,Southeast Asia,0,1,1,-3.111468262744501,39.46104644536548,69.69714353266778,2.0,0.13157729729792503,1.0234397170784755,1.3079106160700342,59.94884546148138,20.45208518772445,46.876960116910865,16.708822058638916,40.59277431864668,64.29703311287447,0.7124817644338045,1.031380525277331,51394.092897827366,0,Low-Growth
Thailand,2009,Southeast Asia,0,1,1,-0.5549771482166557,26.190245078458442,47.944924342100784,25.86483057944077,0.17478285784024342,0.7795918941127121,4.6002883921998805,44.846606165379924,5.0,58.309420837990245,15.741464672470828,22.607775056697495,47.349566007097245,1.2841046951788975,-1.5072258203839384,50946.64105107142,0,Low-Growth
Thailand,2010,Southeast Asia,0,1,1,6.12759854073275,42.547596402307086,61.468447653366404,2.0,0.11357719177255424,0.6564346370586008,0.8228521767371769,57.1094576556434,25.241869028110084,56.424936139645766,10.058102574946926,30.328765166239176,63.41282576593003,0.351662354974059,0.5686446160127705,51441.46085502863,1,High-Growth
Thailand,2011,Southeast Asia,0,1,1,10.320141432258701,21.911817617034416,39.01093950639727,39.07724287656831,0.4992189164194236,0.4318943977837374,1.2788531978007458,64.11240210117982,9.084233171061753,26.793354033600103,22.85794518088945,18.54051684719505,35.70547433506457,0.30634753393202263,0.09262758794892355,51896.431281429155,1,High-Growth
Thailand,2012,Southeast Asia,0,1,1,4.021253283530996,38.04103971899528,54.44408320794615,7.514877073058571,1.1785074615901354,0.6179897422557472,1.9750970651496544,66.64241992538437,32.59317428825927,41.3523179833293,12.975715261905199,37.24823567880397,56.5560935408337,0.1686513676101955,0.6763570476749083,51281.15643962888,0,Low-Growth
Thailand,2013,Southeast Asia,0,1,1,8.232149076369002,30.002546672172024,47.9687067400085,22.02874658781947,2.704725091852301,0.4592716940812732,3.9624879737063217,44.01061357663897,14.983257401821632,48.97706162012327,17.12111597563103,30.0410161776948,35.56037788546417,0.2607668174830632,-0.578212098219754,51472.57048966871,1,High-Growth
Thailand,2014,Southeast Asia,0,1,1,5.877472829529776,20.600601340285234,43.87923259884701,35.52016606086775,0.5745450280548539,0.9635573258634067,0.7820647989625827,57.76848683140635,24.907681325374696,49.18740267355776,22.98298880391571,12.748487614668129,27.779247163347748,-0.5330040818263343,-0.766352609265016,51310.60579995985,1,High-Growth
Thailand,2015,Southeast Asia,0,1,1,5.4194123913287,22.69479790061987,51.80569398528681,25.499508114093317,0.3152691168818879,0.8592432638618281,1.4710450674540319,79.65901035615471,13.63475892939354,84.98544816634708,16.580775699788788,12.202769796227335,48.08661520362334,-0.851180482447485,0.665334534508875,52479.80278802119,1,High-Growth
Thailand,2016,Southeast Asia,0,1,1,4.432128270941352,10.95595529036298,55.446862753296166,33.597181956340854,1.7714275995993798,0.7442748072348278,0.17845621219220642,84.18226839082102,28.0584348597861,50.58463036646269,12.813439767985681,12.247712895601572,43.66099337362217,-2.162032299927439,0.4583890099570684,50847.61266317924,1,High-Growth
Thailand,2017,Southeast Asia,0,1,1,7.799815438737809,29.82970592435357,66.8180041586259,3.352289917020542,2.417717729241444,0.7611094303661391,1.4091947128115239,95.0,14.732938256476437,35.137407601274816,20.86884345333485,20.42005211167572,61.66492500442597,-1.5515374209681267,2.2143299425565965,50751.145384845295,1,High-Growth
Thailand,2018,Southeast Asia,0,1,1,5.046896686261338,40.30150507485436,34.10185062880712,25.596644296338518,3.9674082709575025,0.9675765231653034,2.000514389307895,60.83049469473066,24.56912993630459,31.912834439505,25.59996751919047,24.414151801066755,30.112828454628097,-0.5552730880131715,-0.9875229624269947,51820.659908453956,1,High-Growth
Thailand,2019,Southeast Asia,0,1,1,9.05216216687558,10.76099913433466,62.77004842809252,26.46895243757281,5.010897810713788,0.7942538366234579,3.7741783345307636,72.85258091910259,9.020722099509545,42.35918893983011,24.289223806051655,6.804876027309873,50.840550580419276,0.5935394322931908,0.003060116738572855,51767.31147624337,1,High-Growth
Thailand,2020,Southeast Asia,0,1,1,7.2140118312232,21.541590513523673,52.78077130436471,25.677638182111615,1.8547460113918672,1.0632650433755082,0.7388703398192236,94.93271231324084,18.131144312137078,55.04997526893303,15.030212694655795,12.856040902452417,33.68922432406172,-1.0553241585924595,-0.32390885321592183,51605.93958941444,1,High-Growth
Malaysia,1980,Southeast Asia,0,1,1,7.257312093512886,17.944313885862606,32.687422567967445,49.36826354616994,0.9601272358082078,0.7574791772994015,3.0195963215475463,40.648991222208565,25.108346538140793,92.44059449273352,19.992488768500863,16.674321852199775,27.845840664369586,-1.3620433708547575,-0.6838489004995763,50495.420480732675,1,High-Growth
Malaysia,1981,Southeast Asia,0,1,1,8.441392213536346,25.65021734072855,64.14612132830773,10.203661330963726,0.8701544831526321,0.5112486171352149,-0.09480916466813794,20.065079806851422,24.215851130910025,50.18900450985333,23.657631719383403,21.450014506365985,54.34022822063955,2.148296863786959,-0.09390356871304721,51106.50048485265,1,High-Growth
Malaysia,1982,Southeast Asia,0,1,1,5.461376202713655,32.42412527321349,52.50190364690697,15.073971079879541,4.708965845393204,0.568737869128417,2.97655205731197,40.312212495415956,23.566711001833973,10.0,13.677269575949648,28.606882491480114,50.48359877064138,1.2146667801329025,-0.14486675514609437,50752.91204333691,1,High-Growth
Malaysia,1983,Southeast Asia,0,1,1,3.960521500075899,6.95366935124202,55.17211630556092,37.87421434319707,0.3478944168256227,0.48127374368497466,-0.4430076678190378,43.04609271613107,17.872639406435585,63.92186805920364,29.184291182470552,2.584775024937146,43.865136097226134,-0.20937561331191326,1.4548261741466506,49756.79849039676,0,Low-Growth
Malaysia,1984,Southeast Asia,0,1,1,10.443436416550945,24.231994706129136,47.623282841373126,28.14472245249773,0.8725260643600576,0.7392175138903733,0.2177750951010735,39.9812127246578,16.926546674344195,30.946663787147553,33.51585105410338,21.416482802132382,47.24181233077577,1.1377767806686623,-1.4213499453185472,51476.14595456101,1,High-Growth
Malaysia,1985,Southeast Asia,0,1,1,-2.0255425612954694,21.327746614568795,56.980680379646074,21.69157300578513,0.43743653228297547,0.564977788895241,1.4856031864467314,21.329654647161476,8.022140844126614,68.16279055840151,22.162236675217112,23.820936200766887,44.53025558846898,0.6928152103009226,-0.28370672836473176,51220.23749259674,0,Low-Growth
Malaysia,1986,Southeast Asia,0,1,1,8.27172104053204,22.283758746672106,61.53118614329914,16.185055110028756,1.2938090465131316,0.4953339396870726,-0.09335840817531715,32.87200648977306,32.12331052278567,78.66217896832596,11.326035181976515,12.62260209122747,67.14298891324206,-1.135635904757829,0.5092953236420079,50341.964392331836,1,High-Growth
Malaysia,1987,Southeast Asia,0,1,1,8.286975112597387,34.146892241646626,52.218303848724375,13.634803909629,0.5043897084685734,0.31045371279728984,-1.143496023846862,35.09151089599029,21.975248507332893,21.87005430655692,11.467839537141947,31.152022870778683,51.40516940632089,-0.13774106038792705,0.780201721186075,50087.89885213993,1,High-Growth
Malaysia,1988,Southeast Asia,0,1,1,6.981979115958083,25.54657703951854,51.51575017504399,22.93767278543747,4.611893171935479,0.4040986751226844,2.4557164399705327,64.55979419712149,17.40113658801163,71.49076967137115,12.107883016734572,16.928529221835937,49.338950214773384,0.7985666731105902,1.1209365124062458,51484.814293469746,1,High-Growth
Malaysia,1989,Southeast Asia,0,1,1,7.021801236370926,22.261561252406807,60.825095739059215,16.913343008533978,0.41497759570436354,0.6888516860622886,2.008209448826445,16.729424853032814,11.007025129113813,52.56353599543806,8.0,21.510060379437846,62.694457428866976,0.32717055287779023,-1.1211340127579221,51415.06946943426,1,High-Growth
Malaysia,1990,Southeast Asia,0,1,1,10.713641840464854,29.084283027609892,52.420863857552526,18.494853114837575,1.0607383779975985,0.6120661865060406,1.458522912187436,55.58576400746048,38.76499329517152,14.998219139956532,17.377125093582197,16.400857051008,59.69707554171089,-0.5877379693198984,-1.443200793785794,51069.093499424285,1,High-Growth
Malaysia,1991,Southeast Asia,0,1,1,10.75617458969892,26.63838301825534,54.909691073311926,18.451925908432735,2.8296813256511095,0.5068701094978775,1.3657834750964244,36.409647772357005,10.657077541666318,41.79061851457994,24.64632657589469,24.329379424174626,54.725555543415595,0.1464756116533182,0.5233237827285886,50374.70482882595,1,High-Growth
Malaysia,1992,Southeast Asia,0,1,1,4.9142316406349416,27.220126871055122,53.84225425906248,18.937618869882392,0.2766705640327558,0.5893864898304505,5.2893255396531575,58.00180909398598,23.30517980762098,44.16978754484015,15.29268703833674,21.064019745632685,50.82301359077345,-1.8804355440630813,-1.5693895953746837,50481.55880553052,1,High-Growth
Malaysia,1993,Southeast Asia,0,1,1,5.558938871218645,36.82496980879587,32.21123855605077,30.963791635153356,1.5026909392067407,0.8820137611486653,1.6573431896101762,58.87263874201738,36.40997554615571,32.654889552454435,17.404113973247807,27.453553366660064,19.546135468335876,-0.31039680375596906,0.8810621873806654,51095.29477090612,1,High-Growth
Malaysia,1994,Southeast Asia,0,1,1,6.384444452510776,19.751222111954867,65.23106806278345,15.01770982526169,0.9946342927153391,0.7061123058189821,1.696001616813046,68.72575524385677,27.771298861378877,17.61853448332198,10.87468099934976,18.087812969458867,58.078439238226636,-0.4551717839537639,1.0156278839944708,50943.72969104446,1,High-Growth
Malaysia,1995,Southeast Asia,0,1,1,6.700886428356185,21.999128040451485,68.82222782567065,9.178644133877867,1.576095246466016,0.7685393599513133,3.2205994063918135,27.340567660918502,17.253318593180406,78.55518482213895,24.943467286386152,16.844751698098193,54.35574983520907,0.9559358223307622,1.1835491025816047,50292.668325743805,1,High-Growth
Malaysia,1996,Southeast Asia,0,1,1,2.7281009005594488,30.034885067431137,46.411170977239344,23.553943955329522,1.3585876399646986,0.5714795089743927,-1.0376323188884826,42.84148391501106,20.50585717210481,43.10400100258859,11.048380418043088,13.121346391281044,38.19113436996495,0.8976557716497436,1.2561974394136823,51493.856692069225,0,Low-Growth
Malaysia,1997,Southeast Asia,0,1,1,1.629666676683072,28.973076919839162,57.6212001391751,13.40572294098574,0.8003392104009949,0.3838905088643355,0.45973849813984,49.95466814571032,23.897745557043418,69.18268406506218,18.86552113369224,25.095226470005233,52.592587559426796,0.685619374218483,0.312865651490911,50957.868830023646,0,Low-Growth
Malaysia,1998,Southeast Asia,0,1,1,4.851015139720269,28.876731030714197,53.20970466677674,17.913564302509066,0.7616528366905075,0.8954082792026778,1.8181967072959049,41.86502219290263,27.06885428795335,15.84504155827706,11.511519715564276,25.041019050715857,52.01033132767379,-1.245051223503995,-0.38281748098675,50646.95808389017,1,High-Growth
Malaysia,1999,Southeast Asia,0,1,1,5.5987058572054265,30.652043708378024,49.77053384175551,19.577422449866475,1.0919238542298557,0.499552549466979,3.2042219265383385,61.68170850427377,14.346647167414876,67.98998744062229,17.578658276552247,22.76153634827616,48.04258697213893,-0.741498249912725,-0.34375651951011005,51035.73053209977,1,High-Growth
Malaysia,2000,Southeast Asia,0,1,1,5.654999833188253,39.95253202942609,40.948422408714286,19.099045561859626,3.3302505926080888,0.4097389748785608,1.3194382302060212,44.052531148107256,21.662884008536643,53.31494180065253,8.380698920315423,17.4601847581322,38.671280067413576,0.135428834719957,-0.42581799836655126,50171.42820743385,1,High-Growth
Malaysia,2001,Southeast Asia,0,1,1,8.986327475048393,27.22385952175138,39.83031331321922,32.9458271650294,0.08910433114230262,0.5130828878599474,2.769552856606551,56.427665017943085,5.854744705974145,42.483140988907934,20.779809061405384,19.965719287902882,34.19893002788648,-1.2244022070472718,0.5665409870816561,50700.76539999043,1,High-Growth
Malaysia,2002,Southeast Asia,0,1,1,-0.047999498518172756,32.84919772456283,45.35684664080063,21.79395563463654,3.4759699702470406,0.7903451922822776,1.9065097947364393,54.474026011235864,19.453710337885674,43.4144091220124,16.18638364750484,29.767070254094527,34.45420894102819,-1.0758938287242596,-1.1231950508753776,52072.82727383858,0,Low-Growth
Malaysia,2003,Southeast Asia,0,1,1,7.6825955566966675,16.539882637652546,57.48010760809794,25.980009754249522,0.23314269290665732,0.7661253411697626,0.32805562096373286,60.004032861263646,16.609331694348135,30.859721074245307,22.404638014843492,8.14520477330441,56.60160691437969,0.6844861335529961,-0.8796436755512407,50664.83576943377,1,High-Growth
Malaysia,2004,Southeast Asia,0,1,1,5.765490112527325,23.777160065486196,55.202749522302554,21.020090412211246,3.525959305074798,0.665842484627543,-0.5582159648441047,71.1888537454598,33.46651660742024,59.81920907627811,11.47350794787799,18.432566342082012,40.42063881001012,0.6428554939629476,-1.3512904026984345,50949.9356065859,1,High-Growth
Malaysia,2005,Southeast Asia,0,1,1,3.579392461967677,22.06926658289794,52.12114523900317,25.809588178098892,0.04470110993273132,0.6020011458413835,2.252252476234826,59.26851522235327,12.091767937072795,106.02316390514481,20.85858100030275,16.978943664396006,57.97334281697092,1.8418156093866072,-0.1453494223138852,51298.69874321738,0,Low-Growth
Malaysia,2006,Southeast Asia,0,1,1,3.209203828840631,23.40749956992104,52.21792440345985,24.37457602661911,0.6655209572740207,0.8419742673242091,1.785171187559951,43.038860600562536,12.49226315407132,36.33980951340818,16.306556448460626,23.645199406398845,37.88719294791563,-0.3574150481706999,0.9530094982140498,51000.0612627517,0,Low-Growth
Malaysia,2007,Southeast Asia,0,1,1,6.841726060215205,27.054266058597783,47.25832947428551,25.6874044671167,1.334130945456708,0.5342415388890347,1.0640255899337459,66.84859015041462,24.269561984049545,87.32381556884569,15.653851998806541,29.648671489723643,37.86084175710389,1.3286464115446437,0.8174671266983724,50718.27071018389,1,High-Growth
Malaysia,2008,Southeast Asia,0,1,1,4.590744339831267,30.004676749400005,47.320740938800284,22.67458231179971,0.614492451323463,0.9793641874144278,1.3815349266531924,75.9963348628765,18.197188119646402,91.66658148068808,13.929992223987039,20.31830577295864,53.40985923257062,-0.44494639089525284,1.6010743061643926,51645.9202897974,1,High-Growth
Malaysia,2009,Southeast Asia,0,1,1,0.7934355255721788,24.845453565825316,51.2195606424011,23.934985791773578,2.334435466608746,1.0202670764360167,0.6780153850275029,76.81772645982274,26.123217248106798,76.83531756026113,20.992139472813268,10.223915616157544,44.90350427195423,-1.1557075749169152,-0.20260577291807386,51715.00211806695,0,Low-Growth
Malaysia,2010,Southeast Asia,0,1,1,6.38501338928358,27.734031365708315,34.420088723973166,37.845879910318516,5.041694013145469,0.8123213142519385,1.2432882403786016,51.34581390927177,6.394982002788977,31.63141966318227,16.833051090811345,25.880720382247176,31.951984636126184,1.6080672471727289,-1.0356040560453943,51690.52944602872,1,High-Growth
Malaysia,2011,Southeast Asia,0,1,1,7.060250543999697,21.507881093875653,62.860164486687076,15.631954419437271,0.5904495166904855,0.6960832522623376,1.4855711653041743,63.60666211594349,23.91342680510235,20.505581265637286,17.823889787305834,18.906749152206217,56.885525616325644,1.3469412443889957,0.7740227740710525,51271.25960162963,1,High-Growth
Malaysia,2012,Southeast Asia,0,1,1,6.885221070967183,28.226396833334594,28.092104052024705,43.6814991146407,0.6030525915386943,0.5833341397709861,3.0339371369513835,67.48725719995609,18.45327240256302,72.41993330083088,20.53394878469925,16.2096603301346,24.98411152352743,-0.33516697322638483,-1.744532888606054,50954.861883381396,1,High-Growth
Malaysia,2013,Southeast Asia,0,1,1,5.268722797721072,13.14214861058153,63.81998699656971,23.03786439284876,0.20420611778287787,0.8196329614990845,1.980769966007804,57.77885619144493,23.650847785061572,40.82313384954543,12.62048675611685,12.02098532407365,71.71777923769089,0.7248293734858318,0.9229775651404308,51064.684696718854,1,High-Growth
Malaysia,2014,Southeast Asia,0,1,1,4.141156960228621,41.43611911523808,68.51368128523619,2.0,0.6715718779594994,0.6488048491906734,0.2211807626165201,45.54401148578927,19.140971052719635,90.14194895206137,17.150024208766542,35.654312834209534,75.7993949551041,-0.40409531183239966,2.035531456719595,52346.04720374873,1,High-Growth
Malaysia,2015,Southeast Asia,0,1,1,4.705920257269974,30.577904371122504,45.8297006897737,23.592394939103798,2.3131104341346727,1.022185798028447,2.9597368647324958,74.33267405645341,9.897081970174577,19.26184371956535,18.643375730514915,21.405321758700214,38.901902572679255,1.0219631550600035,0.7331793174225577,52064.0713402488,1,High-Growth
Malaysia,2016,Southeast Asia,0,1,1,2.908654588526788,31.071853563680904,55.3769400921547,13.551206344164399,3.0647607651752438,0.9010805058856105,3.717730924926663,81.3002670258471,28.49733958070928,41.912126330388574,18.085723271303934,30.518429075095682,63.23751541137196,0.729236949310753,-0.08317177193461948,52088.66751476417,0,Low-Growth
Malaysia,2017,Southeast Asia,0,1,1,-1.7132983929600125,30.453073789347112,50.1693002750375,19.377625935615384,1.2110273022483304,0.8556611283647912,2.185134833524647,62.18395768510214,24.563888688637526,74.86036320518961,25.323303623587396,36.62624253423642,46.98930746384483,0.2739110868471789,-1.5231724641738478,51159.29429943079,0,Low-Growth
Malaysia,2018,Southeast Asia,0,1,1,6.992774143398001,20.111991007282967,59.55608023698599,20.33192875573104,0.003243433926760247,0.8274247827327857,1.7986727629599077,69.73265441620735,16.567702015258675,10.0,16.512274756032664,14.158969798001282,48.99100143292242,0.41687306259004037,0.6586319527905097,51566.09725232116,1,High-Growth
Malaysia,2019,Southeast Asia,0,1,1,9.251880864869234,22.639550481554863,44.44572457142744,32.914724947017696,0.6256444735336929,0.9480650664852851,3.177413168437798,94.66759567410143,15.668215947942649,47.44984299681846,22.02610682950662,22.947438307354798,46.26112887233961,-0.06387783283134668,-1.2540226524285165,50975.531811877205,1,High-Growth
Malaysia,2020,Southeast Asia,0,1,1,7.094922154935054,16.21056501252492,50.53483533067126,33.25459965680382,1.2624487139435663,0.6973160013739284,2.8259966421652973,72.33703277160262,30.06090490061321,36.66368885560249,11.840247102694926,11.483120118325603,44.76010758784391,-0.3884799067714809,-0.21600142157311336,51666.9825748381,1,High-Growth
Philippines,1980,Southeast Asia,0,0,1,3.672882984580991,11.326188806379232,54.700376192125674,33.97343500149509,0.17840659538333595,0.6415439470724307,-1.12747820070475,5.0,24.944547951440335,58.66317545782501,11.949401876813125,5.595705946955852,61.84476550165932,1.4141103906067818,-2.4874567587061294,50270.888485371746,0,Low-Growth
Philippines,1981,Southeast Asia,0,0,1,7.6463863002929475,21.075102127786778,46.60688806844758,32.31800980376564,2.2417939475363187,0.1522836383657934,1.2630567728816984,5.0,21.978171616870046,72.16448731894124,9.29264220659305,12.964271506593928,50.42757525765336,0.5328917202270399,-0.6172857068788872,51126.124501680584,1,High-Growth
Philippines,1982,Southeast Asia,0,0,1,7.619918348159317,17.7987181770107,45.038615558338456,37.162666264650845,0.5727734879107803,0.3877107756278768,1.1267486138818217,9.453388798359956,8.04589176747009,54.52177778706081,15.050733517158573,12.006842226350548,28.590129973469683,0.019545844798181757,-0.05275510800076566,50876.73949097587,1,High-Growth
Philippines,1983,Southeast Asia,0,0,1,4.173359215441685,34.4160050943227,34.250392358617404,31.333602547059897,1.0727784376951524,0.17332792528069774,-1.0060342560009692,15.410143010650295,26.255540283615346,48.36474416011515,17.918980532442138,19.914938446707808,29.28566014930159,-0.7634653033091117,0.383455014854216,50079.45443233419,1,High-Growth
Philippines,1984,Southeast Asia,0,0,1,5.011115238576548,18.54784134034751,70.12640611959316,11.32575254005934,0.8702774959240688,0.23476820033933826,0.2628858750452024,27.669116366781864,13.313037955053552,22.603229730032066,34.61024163375566,13.905124125582349,42.85879769943339,1.4937097590055342,0.6110709051105707,50216.76678449011,1,High-Growth
Philippines,1985,Southeast Asia,0,0,1,2.8774114725219917,23.024653380084363,26.888266178658785,50.08708044125686,3.5744799292093368,0.37490143066760645,1.7946860837789116,55.176524369485726,11.991923644137486,75.8297466090787,14.091344700817913,9.82369590895532,22.48693328474685,0.397637501776279,-0.4627366479963379,50471.47582953745,0,Low-Growth
Philippines,1986,Southeast Asia,0,0,1,7.21865608275667,18.25361350972038,58.42436388400792,23.3220226062717,0.3953511339084903,0.1,0.5140234965257384,43.07743061574153,20.16096903664688,72.29251452673938,13.965638494040988,15.831358226024156,38.84963682172648,0.4070903833988318,1.9530596955398964,50152.57182376623,1,High-Growth
Philippines,1987,Southeast Asia,0,0,1,1.2354715056932337,26.039985806412762,37.243564725755384,36.71644946783186,0.8424947573819603,0.5830259918203748,0.6412166561445412,11.873768615428911,27.961341321268847,73.434185356342,22.980968234077828,22.77375001773595,34.749303499507626,1.0323893981263967,1.9235134876034545,50198.47976831758,0,Low-Growth
Philippines,1988,Southeast Asia,0,0,1,6.7659878424757505,23.962615583771196,31.56163171541554,44.47575270081326,0.5695788190307901,0.31441025630473773,-0.5566253154071348,23.127204243327753,16.40873290149595,39.84724107441492,18.5805295106328,11.43136642421003,21.56203183131086,0.36191427073052657,-0.7974381170700989,51237.26489511497,1,High-Growth
Philippines,1989,Southeast Asia,0,0,1,5.673317530347227,36.285538563367155,46.28347025832113,17.430991178311714,1.1489734108325513,0.6027553878398221,0.6114162767156232,37.99004535268048,31.131663735647535,44.69389225400174,18.196641825334687,29.182445913746395,35.16668592176773,0.07758538948639096,1.3967601773984912,50947.484157688086,1,High-Growth
Philippines,1990,Southeast Asia,0,0,1,4.035007644248825,27.64693622725081,58.997199541870216,13.355864230878979,1.218477661779506,0.43022027072670316,0.38973791293213744,49.19909611722418,11.942440099784173,54.20576352959236,8.0,24.785664722385658,58.941238231101586,0.7475461257864594,-0.3950468521695675,50904.52341751202,0,Low-Growth
Philippines,1991,Southeast Asia,0,0,1,9.880539086289804,24.766618406187515,51.671835568754716,23.561546025057766,2.221822289468866,0.26287969771067377,-0.38769089121242944,63.23355683305135,27.801604333478128,59.231594441247616,8.965005568016277,19.566073185691142,41.93235030870375,0.3310389028172135,-0.8093466847948803,50262.1383025127,1,High-Growth
Philippines,1992,Southeast Asia,0,0,1,0.8705438332559485,21.80183590845554,51.88574940443041,26.312414687114043,0.004476232948362187,0.33588491005592513,-1.510877893737832,29.320273110041466,14.214652489364855,59.165156175345125,13.225694018876332,25.056809159900595,54.69134965131535,0.8083595496657083,-0.11965890247315014,51557.140367860244,0,Low-Growth
Philippines,1993,Southeast Asia,0,0,1,3.6080938009658206,26.359796317994157,58.42187648652013,15.21832719548572,1.2738161580059708,0.4327312082333095,-0.6395924633111445,55.198544357281264,25.72189267112986,40.16622187942818,8.476871581929277,19.99487504155152,58.04382091864258,1.8054168464197806,-1.197957962340662,50611.71437358471,0,Low-Growth
Philippines,1994,Southeast Asia,0,0,1,5.26019910533381,24.72046799633094,39.11208128753282,36.167450716136244,1.1173905658436383,0.45130422199385806,-1.4692647280295452,33.408400390857736,33.87233563538095,59.60523054123656,18.646560332715257,18.5408763773397,36.91485554793089,0.2802359460024943,0.2921688282073261,50907.42254513888,1,High-Growth
Philippines,1995,Southeast Asia,0,0,1,6.40665236476497,17.17648931557889,42.65092530918958,40.17258537523153,3.9580373869794245,0.8240225674063588,1.035305510343224,35.548942573061446,17.745241204823202,34.078088144839164,27.255283268244703,8.8634904641563,39.118209253426144,-0.10852784256484785,0.8268386307091143,50822.99538613765,1,High-Growth
Philippines,1996,Southeast Asia,0,0,1,-0.5721989436022488,17.2227022564534,50.95495455867873,31.82234318486787,2.868354073040653,0.2670862133651583,-0.9602672824798845,40.90960569324755,16.94695123669431,68.5031416026311,16.958733494631677,15.210411113663717,41.076523551701044,0.22992434541793752,0.7777976308777149,50533.85022513146,0,Low-Growth
Philippines,1997,Southeast Asia,0,0,1,6.231954452607639,33.363681923858024,47.582961199076315,19.05335687706566,0.7624893103241976,0.5299090652482206,-0.11545471444869475,54.28395642338535,24.29445975379923,18.760877201899874,26.601801652907266,14.281904304994788,37.93685687221416,-0.09426907076490067,0.4123559690859481,51713.08626387069,1,High-Growth
Philippines,1998,Southeast Asia,0,0,1,-1.2072699131473346,7.985332097605877,50.379463686922975,41.63520421547115,0.5433671690000613,0.782619361325688,0.14476171307214494,67.26037694163568,24.670696652312472,39.11879507487079,9.546235519247764,6.827462613977699,34.06582240973677,1.295207072669644,-0.16206210203682392,51547.588705755705,0,Low-Growth
Philippines,1999,Southeast Asia,0,0,1,3.4027400942704893,26.67479085867751,49.459470583868914,23.865738557453575,0.8653190267931842,0.6108684027705781,-1.11139591617985,34.65847006561412,29.94261514661462,68.17919972230251,18.39534965161344,30.223297647797082,42.52699240597014,1.3227032199889794,0.17557408492582183,50462.624624961805,0,Low-Growth
Philippines,2000,Southeast Asia,0,0,1,10.806166749363252,24.031831751923484,58.72605511440739,17.242113133669136,0.8074068679958136,0.6843723552589314,-2.8692942783407513,38.70297999458109,27.8340779542957,43.758611544527014,19.24525376933245,12.752320113966586,69.13114045802106,1.1905296437176767,-0.20068521837532977,50797.65207156834,1,High-Growth
Philippines,2001,Southeast Asia,0,0,1,10.247716578802624,32.63008204649083,76.06163200875923,2.0,1.844702658123836,0.4450919754251815,-1.4267293416640183,61.82640974474219,21.40482839843496,46.20122191320036,22.855551768739794,34.14626233647108,51.04881289616739,-0.5969720279011155,0.8201435941230599,50791.13065807071,1,High-Growth
Philippines,2002,Southeast Asia,0,0,1,4.232290950580207,14.68399944220816,46.38104230650674,38.934958251285096,0.6572880516096171,0.4899270129134823,0.9397867872158098,47.866845372039464,31.268955947567356,46.85634256260568,22.027620820232123,13.938122615661248,37.37704416341134,-2.0534865486558886,0.36075575466383486,51086.14417356243,1,High-Growth
Philippines,2003,Southeast Asia,0,0,1,5.749773860363561,21.556578409594273,74.1016761317804,4.34174545862534,2.9447081230215555,0.6940925717546358,-0.6895222298200693,52.56332073389366,17.463177339408276,29.914143145718572,21.427345261417436,23.240766270854497,71.91582853408423,0.10338199621209512,-0.9864404990992466,51333.41263291222,1,High-Growth
Philippines,2004,Southeast Asia,0,0,1,9.519832143630607,21.99213136518507,43.26693042822803,34.7409382065869,0.9788284689888408,0.1802050669491424,0.48604246302685533,46.11671735468079,7.117895049665599,68.82974874331373,11.507893289748383,16.10409422768115,48.457506522889325,-1.4092157980245135,-1.532598234597762,51234.65309478117,1,High-Growth
Philippines,2005,Southeast Asia,0,0,1,5.212205833427976,28.261517894697416,56.97199447954031,14.766487625762274,4.118320967384641,0.7197752006860831,1.0519270558106153,55.32321640115963,30.018770898384066,78.41138935812113,18.618707554303228,20.05750792032858,42.96120323271942,-0.03756350936619123,0.569758919704179,50962.91156947968,1,High-Growth
Philippines,2006,Southeast Asia,0,0,1,1.109318328709781,26.52178577475915,45.44450603987799,28.033708185362855,1.7143167768465768,0.8366957894724135,-3.36229388338547,67.71395474883107,8.586806313517222,62.47776266997353,18.767563214247474,24.589549168924925,37.49684625104564,-1.873240111819152,-0.4503681912566681,51353.42381756989,0,Low-Growth
Philippines,2007,Southeast Asia,0,0,1,5.48073387097927,33.21648341498414,42.22553252424174,24.557984060774118,0.724899763189053,0.5395159070701551,0.21860475325452203,75.77816451855412,10.183887381691713,33.00235258132921,19.10977552405252,42.52761950124963,32.53568248196388,2.040133885996919,2.004423303675171,51126.34442464921,1,High-Growth
Philippines,2008,Southeast Asia,0,0,1,0.9165208865032117,24.454379757338646,33.1193668092853,42.426253433376054,0.1524780346411952,0.8485320410776285,-0.7333020749720612,59.98913544016424,6.390876205862066,59.351552203276086,19.586890109708243,19.875064145301074,28.730253936784397,-0.2927579187724547,0.5019002337006719,51185.59169920569,0,Low-Growth
Philippines,2009,Southeast Asia,0,0,1,3.809903905070152,33.987418296766094,58.12392916850065,7.888652534733254,0.3857236863003813,0.859763304597827,0.5043222348678738,84.37444033185628,24.855540867093104,10.0,25.82900857991598,28.108792929072457,51.858563938080216,0.28134834748957704,-0.3449831619570674,51338.514430194475,0,Low-Growth
Philippines,2010,Southeast Asia,0,0,1,3.131718222243824,24.091295091031597,45.408993887330794,30.49971102163761,1.8498516314385478,0.6803163683722963,0.2245285201501103,71.82636920516259,11.78198489995897,10.0,21.753547815039358,26.426425112618382,33.87724169379632,1.5894412835616984,0.2839110587363809,51246.46854772459,0,Low-Growth
Philippines,2011,Southeast Asia,0,0,1,1.6293512294980603,32.9018281273968,40.69272366274876,26.40544820985444,1.5596133514752006,0.7967889464830432,-2.259580136006072,44.34603283997749,19.854926051935347,57.332110725121304,20.908407887813542,24.33551807015128,52.0685963500695,-0.22789255876583409,-0.23078615210272213,50876.506665593064,0,Low-Growth
Philippines,2012,Southeast Asia,0,0,1,5.9322088893728395,34.62862443626768,32.12858882671738,33.242786737014946,0.4919906767114016,0.7230055416213717,0.7044690415134427,68.49822986706809,24.339391756256816,29.77590267685499,27.347432593910142,34.57756870560604,22.43413516320907,-1.0751030481167556,-1.0469217501069061,51638.98498544827,1,High-Growth
Philippines,2013,Southeast Asia,0,0,1,0.9916440826442109,28.637635171334196,49.20600878544278,22.15635604322302,0.5177750314254116,0.5041295932976864,0.7138252480766936,60.40182161286005,17.40304260481647,55.94329319764965,18.61846932918509,23.0474543442614,38.74510540738192,-0.29954941119919215,0.0021835908370359453,50637.457383416455,0,Low-Growth
Philippines,2014,Southeast Asia,0,0,1,4.125187402765822,14.780507169237259,63.878979819130876,21.34051301163187,2.5392265251996857,0.4852274136059872,1.629143559660167,68.64627616931799,23.34811647325644,37.58372369679383,23.538268963360572,13.024860846785227,49.68998992003609,-1.1652019999652885,-1.4603024352092226,51443.970888216376,1,High-Growth
Philippines,2015,Southeast Asia,0,0,1,7.107627047618502,24.056151243140977,36.116042532027635,39.82780622483139,1.364149596047566,0.8528522958442889,-0.5815542775200976,74.15126446022214,11.3947961314009,58.41457613647587,15.253892629925533,24.280896864654444,36.695114731576325,-0.4957059465748997,-0.12666402734766338,51099.441879979684,1,High-Growth
Philippines,2016,Southeast Asia,0,0,1,-0.1347466356833491,26.58573862176656,53.90311397875498,19.511147399478467,0.2970958071852778,0.6427400419062047,1.1196799268651823,74.15312856841405,25.62603062476758,10.0,8.0,22.77753376383121,36.992906767044765,-0.21245170271305602,-0.30209704102460566,52193.70030120777,0,Low-Growth
Philippines,2017,Southeast Asia,0,0,1,5.9487799225570255,31.69592923706939,54.42197104206846,13.882099720862143,0.9153539859768661,0.8567213895381839,-1.331700153465929,79.24870781300343,7.619441646909511,55.09859643789988,19.157937850637577,35.984102958051714,36.20442935128937,-0.6008871758538126,0.8226824265741438,51592.65862819865,1,High-Growth
Philippines,2018,Southeast Asia,0,0,1,3.716559073905949,20.273453215268567,64.94049209867907,14.786054686052353,0.10301838750785591,0.760303954421671,-0.13822599453177478,57.853717271253515,27.470483408599975,62.58080961331241,31.833821024203136,12.100894254886208,66.45918643228224,-1.3115439660370012,0.15734656767307767,51938.25329453158,0,Low-Growth
Philippines,2019,Southeast Asia,0,0,1,-0.787736501603629,20.49432212765904,41.57651242045854,37.92916545188241,0.7704253045187084,0.8801028559633892,-0.1599344582749866,79.8822964134003,20.91447002447398,50.045087658910354,11.463944173727363,20.93882184780197,39.25984026202034,0.39488149000257766,-0.8065096290255822,51245.38980100538,0,Low-Growth
Philippines,2020,Southeast Asia,0,0,1,1.9584774655497772,11.495725398418575,42.791024832337186,45.71324976924424,1.04504153288478,0.6220293915105088,-1.2225662371088561,65.77971520143495,16.3572606148375,41.153525929497405,30.99312871323934,11.621306147654426,45.089592522031026,1.1685803642733814,-0.9988208693340495,50888.81769250638,0,Low-Growth
Indonesia,1980,Southeast Asia,0,0,1,3.4345834711716154,20.62246568894007,34.98372581312856,44.393808497931374,0.861992400439626,0.3642091702428059,0.32209592843347457,33.76426531068064,13.374555489011936,67.14140981284277,14.164838797499051,15.853411872813458,35.08924059852404,-0.6418214039443414,-0.5693514235811376,50795.83402484657,0,Low-Growth
Indonesia,1981,Southeast Asia,0,0,1,1.478479023081345,29.44593742434314,74.6491092972317,2.0,1.2108090095254933,0.4788959644485018,0.6369619004072754,15.102145888994258,20.924773909439264,49.255837791589954,19.929507242236536,24.24288770400183,71.43583477545359,-0.31146719489920155,0.058608917371792725,49911.0857169715,0,Low-Growth
Indonesia,1982,Southeast Asia,0,0,1,5.4864821272576805,27.550466717026048,49.74894755140308,22.700585731570882,3.7922465525086935,0.21187475325483818,-1.3313466665354636,58.09067116914409,20.36768748839147,43.935424092755156,10.80477404942614,24.50722159095136,48.83699862020759,-1.0944943608348963,-0.14027558555042832,50382.24208398347,1,High-Growth
Indonesia,1983,Southeast Asia,0,0,1,3.1610675027159614,35.01557963610526,60.989885379171255,3.9945349847234866,0.7263511174656323,0.39153719325424435,-0.16370658033313923,21.925371704902453,16.452564654119715,43.24324080813477,27.67721022424277,34.64174146095214,63.44156936168866,0.3699256130043903,-1.1173270089312346,50554.25444771131,0,Low-Growth
Indonesia,1984,Southeast Asia,0,0,1,4.738824204982519,30.092425654986116,77.8713107031532,2.0,2.1236332919794636,0.6441043703342981,0.2620065005305928,49.31897923147484,14.257174285167716,69.89659530853066,21.92632880436458,25.818766614244517,85.456063033121,-0.5387848378473886,-0.18705751647366262,50647.73102067915,1,High-Growth
Indonesia,1985,Southeast Asia,0,0,1,1.9663704879768702,11.248556696369224,62.56345441313851,26.18798889049227,0.09327473313193149,0.36186606441443553,-1.0012483347541459,32.48131455571219,25.50607768617931,63.693474468439014,13.766772316329234,7.0955003121094595,62.4717868118565,-0.7223474046150294,0.05990977407950356,50686.87732126214,0,Low-Growth
Indonesia,1986,Southeast Asia,0,0,1,6.267560974589653,14.896296505061418,27.066088096874147,58.03761539806444,1.1348945624567033,0.7182292611748279,2.426608920104854,64.66765703348831,18.456149057914484,10.0,8.0,10.08765830007657,23.555317538693195,1.3006254010559588,0.8678054595424457,50763.70253949581,1,High-Growth
Indonesia,1987,Southeast Asia,0,0,1,0.5342187352798102,27.033021496571482,58.36461174607672,14.602366757351803,0.7837625244911691,0.30081030605900183,0.7808011545505034,44.78866450652117,11.434668750478574,30.391975742493607,22.1309758473694,20.358527749515815,66.44064536156964,0.5011292760645764,-0.48663118818926915,50669.89719980453,0,Low-Growth
Indonesia,1988,Southeast Asia,0,0,1,3.2658730117317307,17.699294414578986,58.41667872571399,23.88402685970702,1.6905465940841913,0.5545672204329438,1.818381713188562,31.473401459825972,33.39416612856904,27.47697203614618,11.923886619789043,7.929429449120609,48.66872860935509,-0.5037223368294537,0.5259372802546505,50821.94547081023,0,Low-Growth
Indonesia,1989,Southeast Asia,0,0,1,0.6284772148134317,22.028303831298516,28.688213036457288,49.2834831322442,1.961893454026739,0.35637795540788664,1.7203500237851357,43.67176073936029,25.297350031579995,12.534112571269702,25.16528689808395,23.354857377003622,17.22004981214497,-0.7053167239158482,0.49576557301551033,51047.19422676909,0,Low-Growth
Indonesia,1990,Southeast Asia,0,0,1,2.0455139792014663,20.22095151163886,51.32501656335344,28.454031925007705,2.3943570629238256,0.3643436764288194,1.200984597322097,30.274918914796686,13.218982300024926,70.46486545858033,23.5316182680457,19.620025018872116,36.062516341396055,-0.46595097807205077,0.8229885920033214,50770.770920281946,0,Low-Growth
Indonesia,1991,Southeast Asia,0,0,1,2.203244793194502,19.281541928068236,71.53429818070654,9.184159891225221,3.089682924836517,0.578614613953335,1.6332080457237284,44.17187025185072,26.123499955000128,86.94300738255188,19.472992090765878,14.441153113043029,46.09002804639264,-0.08313352572149399,0.8234231845623113,51247.81671378382,0,Low-Growth
Indonesia,1992,Southeast Asia,0,0,1,4.648964021852665,9.185427448419276,44.05741882394318,46.757153727637544,0.6086897421079028,0.4490606549214979,0.7422676283735093,74.18514616522259,20.988233614728745,44.58170527108846,16.444669121975444,7.576847409159291,34.17780417520963,0.12019855874605508,0.4508123363317998,50904.84303178724,1,High-Growth
Indonesia,1993,Southeast Asia,0,0,1,5.994476249034756,10.82482654202845,57.64244190074484,31.53273155722671,1.3420296913249072,0.33962412554940635,-1.3253421934259955,52.10312415708794,18.219400582201175,10.0,20.8682268911537,5.543159572744538,53.08714439090073,0.23849892567305414,0.8855770816950449,51715.842393233426,1,High-Growth
Indonesia,1994,Southeast Asia,0,0,1,0.7095984011540717,22.78931763964626,55.204996231531545,22.005686128822198,0.43133754186723716,0.459118063589507,-0.5290826263330266,30.053237172239285,27.902892659252075,61.48010453998823,23.506609186770824,16.816710882065113,44.245406672276545,-1.0783150666292278,0.3589175837406595,50330.103387735886,0,Low-Growth
Indonesia,1995,Southeast Asia,0,0,1,6.860193800776214,27.189280953700013,68.80225648656543,4.008462559734568,1.198179518527618,0.546351056873767,-1.1621803763542746,27.27346217148444,26.160400871340688,87.65368101937366,15.366900057130971,15.557372092134795,36.55289029069868,-0.9807648436625377,-0.11365684249904019,51674.56162041837,1,High-Growth
Indonesia,1996,Southeast Asia,0,0,1,6.340462337642551,21.799042709590953,43.00201139292852,35.19894589748053,2.8112951950159273,0.5581107811137584,-2.5231208303052264,39.09690528154136,13.134271745826986,36.34339977056338,21.37746396171051,16.970795054240806,38.20600518748164,1.3134731613252366,-0.6964610897866884,51832.099762943675,1,High-Growth
Indonesia,1997,Southeast Asia,0,0,1,2.655528316491142,22.750371236777866,51.48102960201153,25.768599161210602,0.8891839901462579,0.6010752860133315,-0.9037407967446959,33.55627983828644,40.025374327245686,37.90039150998617,22.195274632031918,10.885409663425731,44.17371403523364,-0.12719938398244293,0.4728150699278325,49563.77292950403,0,Low-Growth
Indonesia,1998,Southeast Asia,0,0,1,2.8907393496439875,27.59476568955939,37.56404963794205,34.84118467249856,1.7109653918511627,0.5029558584410099,-1.2627953635238343,44.46698329896967,10.452993851653478,10.0,24.107742314576157,14.922980551500306,32.80084801442917,0.7528910814937849,-0.6149441025160431,50537.41705012723,0,Low-Growth
Indonesia,1999,Southeast Asia,0,0,1,6.4424959557592825,15.645477879308249,48.19822601579073,36.156296104901024,3.4649891899346548,0.4930198494476715,0.04104562144569053,39.98063037367401,16.34406532939815,14.794330792313751,18.462471668288963,15.819750507089452,35.44634518315625,-0.6226717665523829,0.5025462464541818,51581.045359661366,1,High-Growth
Indonesia,2000,Southeast Asia,0,0,1,0.7138483633537477,27.265046578556202,48.77532331245382,23.959630108989984,4.953584133754174,0.6351635013963158,1.8232036213087728,55.74992626754255,11.751151573645894,37.171818840892925,28.619478405933556,26.77407147510586,48.58041676724926,0.35641258353437605,-0.6611371121909724,50899.71440967212,0,Low-Growth
Indonesia,2001,Southeast Asia,0,0,1,5.329554634900376,37.07135115413523,63.42005764151754,2.0,2.838768711592081,0.6015992453351574,0.8841160142014763,64.48290495216953,14.966129892900645,122.85273039420905,10.337492626013287,21.6260290688163,59.30024390512341,2.1168030549638535,-0.8361948507041709,50892.08581717651,1,High-Growth
Indonesia,2002,Southeast Asia,0,0,1,7.3664409502076325,22.323169163757633,56.78759482264064,20.88923601360173,0.5450359804591862,0.7305658178455188,1.5497626668784361,61.005045900080425,22.333861803026473,55.35277455715334,20.934783339895727,18.10485202742153,51.103652203240344,1.1966271208272423,1.5161161803550431,50296.22352768329,1,High-Growth
Indonesia,2003,Southeast Asia,0,0,1,3.6920112291835707,22.51222826811142,54.83019451682386,22.657577215064727,1.3388767430849369,0.5671810334582983,-2.2960084016673634,43.1243162913573,27.171997361601328,10.0,25.124562910092,20.35659232040424,60.1721036504438,-0.19856918688096045,-2.061405424022905,51290.18132075325,0,Low-Growth
Indonesia,2004,Southeast Asia,0,0,1,9.273715518365984,19.698468132095716,51.04113290555176,29.260398962352525,1.065672537559848,0.46911003037159427,1.1464662854158212,40.83701533102257,12.849468555347098,22.399359163190365,9.05851486020572,16.335601958065553,54.8296843351624,-0.18487675624526564,-1.5057478005641665,51519.97226987101,1,High-Growth
Indonesia,2005,Southeast Asia,0,0,1,7.944890898867536,21.171565866258256,56.187927561000734,22.640506572741018,3.2437474955701027,0.5220248781412162,-1.598939737197846,69.4712790940861,26.392544585138396,50.15328626088067,14.651200442055297,21.147763652847487,55.01952212087185,-0.7684355169034929,0.0490947313056715,50449.146233987674,1,High-Growth
Indonesia,2006,Southeast Asia,0,0,1,6.021375787020517,21.514313340922104,49.60550617817079,28.880180480907107,0.08061539866049565,0.7422395092348342,0.7093086375902657,58.85386081810796,26.109345197751963,60.01843134229033,15.440402182283778,16.67480556561719,43.542054846115654,0.5052613431742017,-0.36702261472164177,50954.795406789184,1,High-Growth
Indonesia,2007,Southeast Asia,0,0,1,11.031496496205554,18.915194684598887,56.85129192730638,24.233513388094735,0.23670013131035447,0.674732676289014,0.16480958947812546,80.24463968227853,22.764962757211567,48.44778254464281,24.253143461898105,16.01468214151546,52.20209486102835,0.3140226024861145,-0.0936090233663665,51179.61349649773,1,High-Growth
Indonesia,2008,Southeast Asia,0,0,1,0.10651269865949997,17.01143690814048,33.29620055843509,49.69236253342443,1.759434722769113,0.5978599448299612,0.12374109893476441,59.5305515527854,5.0,89.36465894405856,24.51888073734229,15.125752643544843,39.49340930209326,-0.9773641174837107,1.8876251206260046,50717.392961624726,0,Low-Growth
Indonesia,2009,Southeast Asia,0,0,1,1.386088825527085,25.117552764354933,54.63399797598066,20.248449259664397,0.3093806622691094,0.7390816166135207,0.11881733938470876,56.96377907433736,15.465493457581285,70.2728443153924,14.077547821158195,24.692578693844478,59.19084322060071,-1.66871386234613,1.1329263873010347,52255.21134922235,0,Low-Growth
Indonesia,2010,Southeast Asia,0,0,1,4.228635680947055,33.29604259495327,46.694212217851735,20.009745187195,0.3645604470757394,0.4428700705565336,0.16636203423654117,73.47167993466812,24.129304183411755,76.63561808993951,13.351186931186826,23.090094624650487,55.30117433719915,-0.15032837376370992,0.200033787312328,51216.49497913739,1,High-Growth
Indonesia,2011,Southeast Asia,0,0,1,5.081091750575153,20.778388704635155,36.472573715516845,42.74903757984801,0.9014805546055032,0.34774409974117,-0.7815449579798182,52.67807103221509,24.939429047418596,33.16464401100319,23.326823613473092,22.434359764749058,37.099037599589124,-0.2153882888600766,0.14111449670559295,50512.50752992797,1,High-Growth
Indonesia,2012,Southeast Asia,0,0,1,3.0748938665966516,30.554611049194392,80.87302867093368,2.0,0.9996432719476187,0.35732897765680005,-0.43347623149724757,70.23736388061683,20.69885940208211,31.72967185978117,19.471750455821613,16.850862879281436,61.3230812706716,0.6457976416037114,-1.015663230879826,51569.105802746126,0,Low-Growth
Indonesia,2013,Southeast Asia,0,0,1,3.9235793890474593,18.80584062076756,47.31600113835867,33.87815824087377,0.6612265221808118,0.5791975071248359,0.17208715328556531,78.23035086780187,27.684905860027882,69.78743589932392,16.969137217183956,14.493165742093172,59.25696450536889,0.9498890682492921,-0.9218236563202137,51374.994081882774,0,Low-Growth
Indonesia,2014,Southeast Asia,0,0,1,3.6591408021698544,15.164038738335297,45.05692118736856,39.77904007429615,3.6231115463878263,0.7588614451313255,-2.989393689781752,89.0508523874692,28.71703618327329,41.01786739233959,22.30358126269929,9.524838405762875,37.37298785677328,1.4985463606698537,-0.2717300398697084,50415.1341690225,0,Low-Growth
Indonesia,2015,Southeast Asia,0,0,1,4.423859353675122,34.58694855498768,50.17203706610912,15.241014378903195,0.8431646228805855,0.836758421784681,0.14494827900133234,60.74965977651424,29.23998048433294,54.84154411291998,18.017555800076625,28.900220520241245,37.097191377064576,-0.5276537761783373,0.003582601832783283,51277.66815248766,1,High-Growth
Indonesia,2016,Southeast Asia,0,0,1,8.207179736131994,31.83923138109122,50.11274425491019,18.048024363998586,2.112576967492246,0.7476291634859732,0.016104582466152133,73.0007536656147,12.364490989672294,62.672893003407765,17.758771592781727,22.274777470541597,53.41864519170023,-1.2502160258948012,-0.422495895432434,51913.859374389765,1,High-Growth
Indonesia,2017,Southeast Asia,0,0,1,5.417018960821498,27.008028345201172,52.1529700525861,20.839001602212733,3.0333250925718427,0.6436107171978057,1.9398259854164985,64.5101379783425,17.453591887165327,36.45948091727031,17.477908660091174,18.45662308473282,50.7454252951375,0.19731341229026655,0.7735476151070181,50899.52941690552,1,High-Growth
Indonesia,2018,Southeast Asia,0,0,1,3.5105648453745397,28.64517528070876,40.48134563351559,30.873479085775656,1.8313076085166882,0.8819623385776413,-1.1866468171627005,68.23690657659651,15.744547933663261,115.80965511693746,15.42059936875268,32.52731519375481,28.741965932507014,-0.9896509661643634,-0.6866045318482008,51027.15534427674,0,Low-Growth
Indonesia,2019,Southeast Asia,0,0,1,2.9670858605215056,18.445267258123412,63.90166395767993,17.653068784196662,2.4475872450263303,0.8543944747562973,0.6287987467011936,78.19114598669329,16.02375447467273,26.171062381122702,20.177974220596123,10.426628555942335,47.984517379411294,1.1529132562048097,1.900649041722087,51671.64756908324,0,Low-Growth
Indonesia,2020,Southeast Asia,0,0,1,7.097370404570636,14.298606511298527,57.34605942342301,28.355334065278463,1.1385786465401277,0.7307502830820366,-0.2908505497261336,92.43315867871647,12.114135732580205,30.655485527733557,11.951360959437432,11.681884200404614,42.25349688326908,-0.6842421805152435,-0.7057555622271979,51369.69583383302,1,High-Growth
India,1980,South Asia,0,0,1,3.009923682279064,12.622245782922281,54.70362828298009,32.67412593409763,0.6994956304959631,0.1,1.2637457430285635,22.58253039277534,9.34602012481459,73.52666378629827,17.858292123489264,13.167945295802667,52.82690212464226,-0.0015145029480460542,-0.15272994498015613,50741.35638027807,0,Low-Growth
India,1981,South Asia,0,0,1,1.4873129698569254,24.87927298123715,53.26614590266685,21.854581116096,0.06713529613801217,0.5714069754231912,-0.13665192928288913,31.425508883126856,15.202803908392545,60.76849834954627,20.098967476080528,24.38554446469515,43.31233714313266,-0.4578169695901857,0.7921373991454693,50651.10650168143,0,Low-Growth
India,1982,South Asia,0,0,1,3.494285786120014,6.412395452797993,64.41141703916502,29.17618750803699,2.5304240719963933,0.6988682774728291,-1.853519672286748,49.68375977809123,19.346925119910047,40.8349357540314,19.11237993880657,5.940315334525809,49.232217646338924,-0.8157877251685722,0.6496048651128858,49696.3285231752,0,Low-Growth
India,1983,South Asia,0,0,1,6.900457698258948,12.255896283285754,68.77363350111703,18.970470215597217,1.1719015374276243,0.5003567717195716,0.7852268287154609,50.534351027744215,18.397969385497795,99.72211596887132,14.463980612488918,10.378833245929505,64.42655802739715,-1.1219681199494154,-0.2858722549791206,50655.756749619206,1,High-Growth
India,1984,South Asia,0,0,1,6.381083340361252,13.291010611203754,69.15309361768513,17.55589577111111,1.712919626297573,0.42992067982435933,-1.0382508646226962,23.276170194123445,15.856261606267921,10.0,11.979207445204256,6.692086269651296,76.19849726978426,0.6184623923882185,0.7859740988654604,50894.41597577097,1,High-Growth
India,1985,South Asia,0,0,1,6.408439556529114,15.113898754146103,56.28003586440454,28.606065381449355,1.4941176556482463,0.24181861522158066,3.715906675371059,36.42848644166379,21.13591560460474,81.42195079187304,23.489731998061345,12.206220469300183,51.75058569443998,-1.504148530947979,-0.5564657778499762,50883.60510807948,1,High-Growth
India,1986,South Asia,0,0,1,6.741480722613347,19.0359915342134,38.3525618388296,42.611446626957004,2.113460861551356,0.6634134019273024,1.0778934874274753,34.74549493713763,28.35508841501263,135.72276195020532,18.690913886642853,10.234751513631666,31.144475612227115,0.6254760003040509,-1.6048043108980627,50734.701537456036,1,High-Growth
India,1987,South Asia,0,0,1,7.053524235508684,30.481558848434403,65.37501750102125,4.143423650544349,4.325358021029059,0.5941579692071888,0.8466160632722957,42.239165656175196,6.158222990836116,30.58065227032349,10.999063382795603,12.101127412962052,58.80892903970508,-0.7978221214427796,2.6253055802689116,50590.614030281045,1,High-Growth
India,1988,South Asia,0,0,1,4.680734352625064,15.759283311961042,56.16277451241177,28.077942175627186,1.8163078972153408,0.40066989727928837,-0.26154108749224647,36.091380218326584,34.84094858428277,59.45565713578775,20.87706337764782,14.30834114548011,55.70751662478159,-0.08288698387486536,-0.3207463714788462,50783.408029759135,1,High-Growth
India,1989,South Asia,0,0,1,8.381367154938257,18.07681219449271,64.21412433601733,17.709063469489962,0.38916932607933563,0.47708058241528667,-0.5682280578650368,38.07532291640649,30.73064055639744,52.31052868348091,18.811695051313908,9.229232955558784,54.81403789218301,-0.2413149037447287,-0.8291434854434051,50735.83270585178,1,High-Growth
India,1990,South Asia,0,0,1,2.8470380572962375,20.972024078551474,43.530947706128266,35.49702821532026,0.7974035649663788,0.4916061424141251,1.4211593173880706,45.85078759193611,14.704518560660578,59.97511898109631,28.245293335930562,20.622657306061356,42.75300525013206,0.7255901754823215,1.4399540414286307,51287.81339700883,0,Low-Growth
India,1991,South Asia,0,0,1,6.819864282179271,11.346791229887513,36.97281697191663,51.680391798195856,0.31419730128766027,0.4983021064475807,-0.6526920642159091,55.587790047415645,5.097091308390112,36.630693598554906,15.09026673073431,5.364078034986845,41.56519766782745,-1.359201268663323,-0.5883400573076859,51228.98987890257,1,High-Growth
India,1992,South Asia,0,0,1,3.752851313844709,25.459913674085094,58.477413743898666,16.062672582016233,4.666071124222935,0.5565910624102457,-0.16949018528223814,31.552470643208657,14.04605306435543,29.355772613296047,26.226592883471533,20.459433436278076,57.58780085994166,1.514247599980887,-2.358464142207465,51439.436882350186,0,Low-Growth
India,1993,South Asia,0,0,1,4.591064836919002,13.372774226013991,45.93850721861778,40.68871855536823,0.9776917796259758,0.8616896700497204,1.2039759753778816,64.5828438212781,18.463989837908642,34.994894385359295,13.315170290526039,9.39230452463845,27.19939240308761,-0.7249193428916019,-0.5603531560598431,50737.32091280258,1,High-Growth
India,1994,South Asia,0,0,1,4.673051577306645,19.88059702045632,48.022682963886915,32.096720015656764,3.926717286531041,0.425703708739731,-1.1669407652244062,53.791001224179055,27.27429917354955,73.46427667649849,22.54171641676692,15.373563348686861,39.46055867118543,-0.7471027536670662,-1.5074989166017505,51345.92685025393,1,High-Growth
India,1995,South Asia,0,0,1,1.493711964743753,13.388068994318122,44.59631852280937,42.01561248287251,0.08604897003025354,0.680120177660603,-0.4175874595146998,14.211997278245263,18.48655731872864,46.095152497570105,16.65047861438687,9.030356517848093,41.591234046031914,0.06614111514900174,-0.024830314126647098,51081.32068072148,0,Low-Growth
India,1996,South Asia,0,0,1,1.995539437579386,31.0409863166832,61.712264916585234,7.246748766731564,1.6538921218855993,0.7119156878001103,0.6311330167497601,63.12583018704257,7.365238703437917,55.10384679990068,16.903689229114036,35.24818283521417,64.1281044460265,-0.6304451907931798,0.3727941585292059,50983.840666724616,0,Low-Growth
India,1997,South Asia,0,0,1,3.4075648788185937,22.8801317219058,52.26218380854119,24.857684469553014,0.5648995281112009,0.4273422252316746,-0.7020758056759193,68.00763030550054,11.587619533278712,25.55613997394879,17.690512456706532,14.771914685699455,40.09793606941604,0.10507597120829498,-1.5050658569037048,50421.01888254318,0,Low-Growth
India,1998,South Asia,0,0,1,9.624451545762623,14.027493181840711,60.018580939194365,25.953925878964924,1.134660953973259,0.6931621630135358,-0.15258723534807653,66.24746554159333,5.0,23.59229673810617,18.983228410418736,12.146780972266042,45.8081409905703,0.2594199912631591,-0.6238402486872604,50811.52045288642,1,High-Growth
India,1999,South Asia,0,0,1,7.7253407469954265,12.0235173810939,42.31298245575876,45.66350016314735,0.8223467911066326,0.5479880548240613,-0.789478186289689,68.40963664199502,22.77911873366844,60.15212774686073,10.40076702633017,12.425801950725809,20.182221125520655,0.8340554518493689,0.9343117376707711,50758.79940636102,1,High-Growth
India,2000,South Asia,0,0,1,7.38762921368704,20.499453626619545,59.07434544885059,20.426200924529866,6.37314982362211,0.7616650862124507,0.8413574408555016,40.30793270098208,21.14871860383594,29.671897653840336,22.932665083696875,16.975462152325274,43.20235357903059,0.08112458341850291,-0.8494174697163055,51075.60811066877,1,High-Growth
India,2001,South Asia,0,0,1,2.193538159128078,26.003758895480757,54.363376096898726,19.632865007620516,0.7817765343447775,0.5984914331586194,0.8366191449514235,38.59225095177359,22.08524923764162,82.938520475435,21.44194177966029,21.103372097414372,54.1437820892035,0.4524964561026824,0.753601109159814,50013.03419450853,0,Low-Growth
India,2002,South Asia,0,0,1,1.9236033900666925,7.957766590708475,59.81846362863046,32.223769780661065,0.7040993120645833,0.42657161316060055,0.4195797085769683,59.41550255574856,36.882741216771024,34.37971988660277,26.640660720415042,6.927113131344303,47.90542025894867,0.7992464575172452,0.5657385044539512,51067.92164742902,0,Low-Growth
India,2003,South Asia,0,0,1,4.070257844533261,13.393702997963945,64.11330608587099,22.49299091616507,0.44787884862654803,0.5719875502626361,0.33578591513313255,61.57932517175712,8.565388232207482,82.15630216137147,18.72709291140407,10.172106875609517,61.8454197480823,0.23654219361486306,0.7670626894897021,51343.99183607547,0,Low-Growth
India,2004,South Asia,0,0,1,8.121106431081941,27.068996391767776,53.07416535605725,19.85683825217498,2.2458023121536654,0.8421696899506773,-0.2852680480165352,51.70338879959216,6.106185457884486,58.46182763280279,18.893319623722622,13.45266896492409,51.375320040019226,-0.49819192070143903,2.6903150072886937,50815.31940395456,1,High-Growth
India,2005,South Asia,0,0,1,1.8998523331239654,30.223012168335778,50.52669046642296,19.250297365241266,1.4498283075309935,0.7060432514880814,-1.6564235224958221,69.37665819373422,34.25119773280686,64.16519582087723,21.82738989755955,29.437577839224573,58.43190467270758,1.2098939600191043,0.4396697222730237,51576.945700318,0,Low-Growth
India,2006,South Asia,0,0,1,3.249603072458206,11.955552230530019,50.595730976420484,37.4487167930495,6.165124350286475,0.6682144489051194,-0.7726464133300232,77.86717822806693,23.12154088484322,78.10239736754063,11.498420731964774,12.047337484967032,61.51825903993772,0.7641582999318943,0.7903490086922889,51234.798838197465,0,Low-Growth
India,2007,South Asia,0,0,1,4.130116607638852,7.951336716783453,49.9869385009502,42.06172478226634,3.5421136046743644,0.5104515434027376,0.7704541102722734,69.98090064330695,20.407309564283782,54.26002485155027,8.0,5.768595745268344,39.87944252359512,-0.6590596905145408,0.5995786278137534,50744.74633674735,1,High-Growth
India,2008,South Asia,0,0,1,-2.3423059938828015,17.647014556990644,41.94594942743656,40.4070360155728,0.15840585737928722,0.4813337929886303,0.12545069465905945,61.42971358886486,33.37633418433857,62.43044951132984,8.0,9.653309276621403,38.09871733767019,-0.9298479483926507,-2.968368430235852,51874.77315691687,0,Low-Growth
India,2009,South Asia,0,0,1,4.882025352501177,15.14141563623268,60.132121252119155,24.726463111648165,1.4087206484417631,0.6627285950326536,-1.104699871003773,87.5443267583402,7.438106767345243,80.80709573777078,18.233494968103983,10.630887865647935,55.62524511743718,0.7333480071781809,1.366746736694397,51381.57151156676,1,High-Growth
India,2010,South Asia,0,0,1,0.15670497249299004,34.53434589329898,71.17213702615149,2.0,1.8175269562487173,0.759353053018358,0.8393401087278501,83.38132251764804,16.34696971422476,16.122848355624846,18.41402100442237,21.980547651884585,52.791711058465516,-0.7202785765879318,2.485313924533686,51318.06231703792,0,Low-Growth
India,2011,South Asia,0,0,1,3.3712253803960897,5.249976329658962,45.17136828257433,49.57865538776671,2.8763911704174965,0.6981413199114782,0.7183141097332706,78.2784905880309,15.269204961613777,84.69913959933419,14.203154404666908,5.676518383752945,43.65114049236182,-1.7890451542463222,-0.748009486600535,50382.530733563945,0,Low-Growth
India,2012,South Asia,0,0,1,7.171102200781919,5.0,59.5089625806359,35.4910374193641,1.07432852477664,0.43342912174500153,2.0135590043624365,70.00928799144869,17.6525487814935,40.014380475349576,8.920323185053366,2.695451100415891,65.02767605312667,-0.4738828697857191,0.0220677009368635,50277.83476189946,1,High-Growth
India,2013,South Asia,0,0,1,1.9194886903233652,23.02169408091067,76.04050238469179,2.0,2.6859126632624526,0.6293933541272766,0.5675442776559252,64.85094835645388,36.43847854910919,78.72536740131,19.018110545146506,19.34004075129519,84.91652340330792,0.5795778471138472,1.558628017070086,50228.176036870565,0,Low-Growth
India,2014,South Asia,0,0,1,4.679918356724918,34.05102390102394,73.55678424627794,2.0,0.06567161820261333,0.9023446468216547,2.139737423991007,71.91610007889221,39.77547017945486,49.216471183256935,16.71287429798455,33.13758876264454,62.297549549804934,0.08533977579489384,1.4094344240509098,51359.60942610863,1,High-Growth
India,2015,South Asia,0,0,1,0.6134345993355264,14.429651367580842,65.38325388753455,20.187094744884604,1.3923794316524913,0.9007100522249784,1.0890387609512362,88.35366425487098,14.647225918898293,70.09966239726256,29.810707736161742,9.556325474875685,76.49584034764769,-0.5493500912013305,-0.8519712450499742,51523.10022167742,0,Low-Growth
India,2016,South Asia,0,0,1,7.457401226280421,12.305900633814385,60.21448116705148,27.47961819913413,1.3711091429670104,0.4646616615894136,-1.1144835786393417,61.93649451066271,24.17276128282006,78.80534157671671,9.1607602207484,10.710960108286491,43.56489243838545,0.6290854090140003,-0.6227305810037479,50874.335490988364,1,High-Growth
India,2017,South Asia,0,0,1,5.418777380201294,17.472288389178413,28.360130949323484,54.1675806614981,1.8931027228469475,0.819136278175366,0.006549413137576742,51.48628587966362,29.674953426678105,33.34341534098022,15.279879299396471,22.05717081558265,22.530834600043022,0.7422099624265004,0.5620922620826175,51620.08609644004,1,High-Growth
India,2018,South Asia,0,0,1,5.569584199220076,22.175524727524323,54.37697969468727,23.44749557778841,3.0225662482214846,0.5071009158801082,1.2257497248184517,87.93513448031327,25.587192970635208,77.92448569100321,17.444403628389644,9.451323615299295,48.349623251813114,-0.9911942176245544,-0.7318592098580639,50828.790163083795,1,High-Growth
India,2019,South Asia,0,0,1,2.21170231291524,5.0,63.40266293538747,31.59733706461253,4.440643716009764,0.8029355790244432,-0.2435087478410733,75.97880406485676,16.632113055894592,52.251039596673955,17.7779514355606,3.1589515696017054,73.06733743419922,-1.487154235709771,0.7183315431942462,51424.40118634123,0,Low-Growth
India,2020,South Asia,0,0,1,9.563376436536695,17.120755702534012,52.02751361878603,30.851730678679957,0.0798133890395223,0.5485813957505399,-0.920243430141494,51.225840462122136,12.616184813007248,52.34766204151124,19.801050295707125,6.919080529466299,45.75394469458908,0.5634099508221323,-0.16291219337623528,51183.1056771111,1,High-Growth
